{"cameraMode":{"drawMode":0,"name":"Shaded","section":"Shading Mode"},"sceneLighting":true,"audioPlay":false,"sceneViewState":{"showFog":true,"showMaterialUpdate":false,"showSkybox":true,"showFlares":true,"showImageEffects":true,"showParticleSystems":true},"in2DMode":false,"pivot":{"x":-1.0647120475769044,"y":-0.9254310131072998,"z":0.331406831741333},"rotation":{"x":0.19795505702495576,"y":0.42951980233192446,"z":-0.09709110856056214,"w":0.875728189945221},"size":6.8366546630859379,"orthographic":false}